WB50-0000,WB60-Z000
WB50-B1FN,WB60-ZB1FN
WB50-B1FR,WB60-ZB1FR
WB50-B9EP,WB60-ZB9EP
WB50-B9KF,WB60-ZB9KF
WB50-BG00,WB60-ZBG0
WB50-BOHF,WB60-ZBOHF
WB50-CCCW,WB60-ZCCCW
WB50-CCFF,WB60-ZCCFF
WB50-CRKW,WB60-ZCRKW
WB50-DPRY,WB60-ZDPRY
WB50-EMMI,WB60-ZEMMI
WB50-EMWB,WB60-ZEMWB
WB50-F000,WB60-ZF00
WB50-FB00,WB60-ZFB0
WB50-FCCA,WB60-ZFCCA
WB50-FCEL,WB60-ZFCEL
WB50-GA00,WB60-ZGA0
WB50-GFAF,WB60-ZGFAF
WB50-GFGC,WB60-ZGFGC
WB50-GP00,WB60-ZGP0
WB50-RIMC,WB60-ZRIMC
WB50-SMTR,WB60-ZSMTR
WB50-WCEL,WB60-ZWCEL
WB50-WDCE,WB60-ZWDCE
WB50-WFB1,WB60-ZWFB1
WB50-WPRE,WB60-ZWPRE
WB50-WPRF,WB60-ZWPRF
WB50-WTTG,WB60-ZWTTG
WB50-ZEMI,WB60-ZZEMI
,